{
	"info": {
		"_postman_id": "2d48cb0c-8b33-4649-bd6b-4de7aae90992",
		"name": "testapi",
		"schema": "https://schema.getpostman.com/json/collection/v2.1.0/collection.json",
		"_exporter_id": "14998568"
	},
	"item": [
		{
			"name": "Create Post",
			"event": [
				{
					"listen": "test",
					"script": {
						"exec": [
							"pm.test(\"Successful response\", function () {",
							"    pm.expect(pm.response.text()).to.include(\"sunt aut facere repellat provident occaecati excepturi optio reprehenderit\");",
							"});",
							"pm.test(\"Status code is 201\", function () {",
							"    pm.response.to.have.status(201);",
							"});",
							"var json = pm.response.json();",
							"pm.environment.set(\"id\", json.id);",
							""
						],
						"type": "text/javascript",
						"packages": {}
					}
				}
			],
			"request": {
				"method": "POST",
				"header": [],
				"body": {
					"mode": "raw",
					"raw": "   {\n        \"title\": \"{{title}}\",\n        \"body\": \"{{body}}\"\n    }",
					"options": {
						"raw": {
							"language": "json"
						}
					}
				},
				"url": {
					"raw": "{{baseUrl}}/posts",
					"host": [
						"{{baseUrl}}"
					],
					"path": [
						"posts"
					]
				}
			},
			"response": []
		},
		{
			"name": "Get All Post",
			"event": [
				{
					"listen": "test",
					"script": {
						"exec": [
							"pm.test(\"Successful response\", function () {",
							"    pm.expect(pm.response.text()).to.include(\"userId\");",
							"});",
							"",
							"pm.test(\"Status code is 200\", function () {",
							"    pm.response.to.have.status(200);",
							"});"
						],
						"type": "text/javascript",
						"packages": {}
					}
				}
			],
			"request": {
				"method": "GET",
				"header": [],
				"url": {
					"raw": "{{baseUrl}}/posts",
					"host": [
						"{{baseUrl}}"
					],
					"path": [
						"posts"
					]
				}
			},
			"response": []
		},
		{
			"name": "Update Posts",
			"event": [
				{
					"listen": "prerequest",
					"script": {
						"exec": [
							""
						],
						"type": "text/javascript",
						"packages": {}
					}
				},
				{
					"listen": "test",
					"script": {
						"exec": [
							"pm.test(\"Successful response\", function () {\r",
							"    pm.expect(pm.response.text()).to.include(\"id\");\r",
							"});\r",
							"\r",
							"var json = pm.response.json();\r",
							"pm.environment.set(\"id\", json.id);\r",
							"\r",
							"pm.test(\"Status code is 200\", function () {\r",
							"    pm.response.to.have.status(200);\r",
							"});"
						],
						"type": "text/javascript",
						"packages": {}
					}
				}
			],
			"request": {
				"method": "PUT",
				"header": [],
				"body": {
					"mode": "raw",
					"raw": "   {\r\n        \"title\": \"title update\",\r\n        \"body\": \"body update\"\r\n    }"
				},
				"url": {
					"raw": "{{baseUrl}}/posts/2",
					"host": [
						"{{baseUrl}}"
					],
					"path": [
						"posts",
						"2"
					]
				}
			},
			"response": []
		},
		{
			"name": "Delete employee",
			"event": [
				{
					"listen": "test",
					"script": {
						"exec": [
							"pm.test(\"Successful response\", function () {\r",
							"    pm.expect(pm.response.text()).to.include(\"{}\");\r",
							"});\r",
							"pm.test(\"Status code is 200\", function () {\r",
							"    pm.response.to.have.status(200);\r",
							"});"
						],
						"type": "text/javascript",
						"packages": {}
					}
				}
			],
			"request": {
				"method": "DELETE",
				"header": [],
				"url": {
					"raw": "{{baseUrl}}/posts/1",
					"host": [
						"{{baseUrl}}"
					],
					"path": [
						"posts",
						"1"
					]
				}
			},
			"response": []
		}
	],
	"variable": [
		{
			"key": "name",
			"value": "name"
		},
		{
			"key": "salary",
			"value": "10000000"
		},
		{
			"key": "age",
			"value": "24"
		},
		{
			"key": "baseUrl",
			"value": "https://jsonplaceholder.typicode.com"
		},
		{
			"key": "title",
			"value": "sunt aut facere repellat provident occaecati excepturi optio reprehenderit"
		},
		{
			"key": "body",
			"value": "quia et suscipit\\nsuscipit recusandae consequuntur expedita et cum\\nreprehenderit molestiae ut ut quas totam\\nnostrum rerum est autem sunt rem eveniet architecto"
		}
	]
}