{
    "variables": {
      "client_id": "{{env `AZ_CLIENT_ID`}}",
      "client_secret": "{{env `AZ_CLIENT_SECRET`}}",
      "subscription_id": "{{env `AZ_SUBSCRIPTION_ID`}}",
      "tenant_id": "{{env `AZ_TENANT_ID`}}",
  
      "image_name": "udacity-ubuntu-server-image",
      "resource_group": "Azuredevops",
      "location": "Southeast Asia",
      "vm_size": "Standard_B1s"
    },
    "builders": [
      {
        "type": "azure-arm",
  
        "client_id": "{{user `client_id`}}",
        "client_secret": "{{user `client_secret`}}",
        "subscription_id": "{{user `subscription_id`}}",
  
        "os_type": "Linux",
        "image_publisher": "Canonical",
        "image_offer": "UbuntuServer",
        "image_sku": "18.04-LTS",
        "image_version": "latest",
  
        "managed_image_resource_group_name": "{{user `resource_group`}}",
        "managed_image_name": "{{user `image_name`}}",
  
        "location": "{{user `location`}}",
        "vm_size": "{{user `vm_size`}}"
      }
    ],
    "provisioners": [
      {
        "inline": [
          "sudo apt-get update",
          "sudo apt-get upgrade -y",
          "sudo apt-get install python3-pip -y",
          "sudo apt-get install unzip -y",
          "LATEST_CHROME=$(curl -s https://dl.google.com/linux/chrome/deb/dists/stable/main/binary-amd64/Packages | grep -E '^Version:' | awk '{ print $2 }' | head -n1 | cut -d'-' -f1) && LATEST_CHROMEDRIVER=$(curl -sS https://chromedriver.storage.googleapis.com/LATEST_RELEASE) && sudo apt-get update && sudo apt-get install -y google-chrome-stable && wget https://chromedriver.storage.googleapis.com/$LATEST_CHROMEDRIVER/chromedriver_linux64.zip && unzip chromedriver_linux64.zip && sudo mv chromedriver /usr/local/bin/ && sudo apt-get install -y fonts-liberation",
          "sudo apt-get install python3-venv",
          "sudo python3 -m venv env",
          "pip3 install selenium"
        ],
        "inline_shebang": "/bin/sh -x",
        "type": "shell",
        "execute_command": "chmod +x {{ .Path }}; {{ .Vars }} sudo -E sh '{{ .Path }}'"
      }
    ]
  }
  