{
  "variables": {
    "client_id": "{{env `AZ_CLIENT_ID`}}",
    "client_secret": "{{env `AZ_CLIENT_SECRET`}}",
    "subscription_id": "{{env `AZ_SUBSCRIPTION_ID`}}",
    "tenant_id": "{{env `AZ_TENANT_ID`}}",

    "image_name": "udacity-ubuntu-server-image",
    "resource_group": "Azuredevops",
    "location": "westeurope",
    "vm_size": "Standard_B1s"
  },
  "builders": [
    {
      "type": "azure-arm",
      "client_id": "{{user `client_id`}}",
      "client_secret": "{{user `client_secret`}}",
      "subscription_id": "{{user `subscription_id`}}",
      "os_type": "Linux",
      "image_publisher": "Canonical",
      "image_offer": "UbuntuServer",
      "image_sku": "18.04-LTS",
      "image_version": "latest",
      "managed_image_resource_group_name": "{{user `resource_group`}}",
      "managed_image_name": "{{user `image_name`}}",
      "location": "{{user `location`}}",
      "vm_size": "{{user `vm_size`}}",
      "azure_tags": {
        "create-by": "congdinh2023"
      }
    }
  ],
  "provisioners": [
    {
      "inline": [
        "echo 'Hello, World!' > index.html",
        "nohup busybox httpd -f -p 80 &"
      ],
      "inline_shebang": "/bin/sh -x",
      "type": "shell"
    }
  ]
}
