{
	"info": {
		"_postman_id": "3e1538ee-3203-47fd-b6de-bed26ef01b87",
		"name": "RegressionTest",
		"schema": "https://schema.getpostman.com/json/collection/v2.1.0/collection.json"
	},
	"item": [
		{
			"name": "Get All Activities",
			"event": [
				{
					"listen": "test",
					"script": {
						"exec": [
							"pm.test(\"Get All Activities endpoint response code is 200\", function () {",
							"    pm.response.to.have.status(200);",
							"});"
						],
						"type": "text/javascript"
					}
				}
			],
			"request": {
				"method": "GET",
				"header": [],
				"url": {
					"raw": "{{url}}/Activities",
					"host": [
						"{{url}}"
					],
					"path": [
						"Activities"
					]
				}
			},
			"response": []
		},
		{
			"name": "Get All Authors",
			"event": [
				{
					"listen": "test",
					"script": {
						"exec": [
							"pm.test(\"Get All Authors endpoint response code is 200\", function () {",
							"    pm.response.to.have.status(200);",
							"});"
						],
						"type": "text/javascript"
					}
				}
			],
			"request": {
				"method": "GET",
				"header": [],
				"url": {
					"raw": "{{url}}/Authors",
					"host": [
						"{{url}}"
					],
					"path": [
						"Authors"
					]
				}
			},
			"response": []
		},
		{
			"name": "Get All Books",
			"event": [
				{
					"listen": "test",
					"script": {
						"exec": [
							"pm.test(\"Get All Books endpoint response code is 200\", function () {",
							"    pm.response.to.have.status(200);",
							"});"
						],
						"type": "text/javascript"
					}
				}
			],
			"request": {
				"method": "GET",
				"header": [],
				"url": {
					"raw": "{{url}}/Books",
					"host": [
						"{{url}}"
					],
					"path": [
						"Books"
					]
				}
			},
			"response": []
		},
		{
			"name": "Get All CoverPhotos",
			"event": [
				{
					"listen": "test",
					"script": {
						"exec": [
							"pm.test(\"Get All CoverPhotos endpoint response code is 200\", function () {",
							"    pm.response.to.have.status(200);",
							"});"
						],
						"type": "text/javascript"
					}
				}
			],
			"request": {
				"method": "GET",
				"header": [],
				"url": {
					"raw": "{{url}}/CoverPhotos",
					"host": [
						"{{url}}"
					],
					"path": [
						"CoverPhotos"
					]
				}
			},
			"response": []
		},
		{
			"name": "Get All Users",
			"event": [
				{
					"listen": "test",
					"script": {
						"exec": [
							"pm.test(\"Get All Users endpoint response code is 200\", function () {",
							"    pm.response.to.have.status(200);",
							"});"
						],
						"type": "text/javascript"
					}
				}
			],
			"request": {
				"method": "GET",
				"header": [],
				"url": {
					"raw": "{{url}}/Users",
					"host": [
						"{{url}}"
					],
					"path": [
						"Users"
					]
				}
			},
			"response": []
		},
		{
			"name": "Create Activity",
			"event": [
				{
					"listen": "test",
					"script": {
						"exec": [
							"pm.test(\"Create Activity endpoint response code is 200\", function () {",
							"    pm.response.to.have.status(200);",
							"});"
						],
						"type": "text/javascript"
					}
				}
			],
			"request": {
				"method": "POST",
				"header": [],
				"url": {
					"raw": "{{url}}/Activities?activity=activity123",
					"host": [
						"{{url}}"
					],
					"path": [
						"Activities"
					],
					"query": [
						{
							"key": "activity",
							"value": "activity123"
						}
					]
				}
			},
			"response": []
		},
		{
			"name": "Create Author",
			"event": [
				{
					"listen": "test",
					"script": {
						"exec": [
							"pm.test(\"Create Author endpoint response code is 200\", function () {",
							"    pm.response.to.have.status(200);",
							"});"
						],
						"type": "text/javascript"
					}
				}
			],
			"request": {
				"method": "POST",
				"header": [],
				"url": {
					"raw": "{{url}}/Authors?author=authorXyz",
					"host": [
						"{{url}}"
					],
					"path": [
						"Authors"
					],
					"query": [
						{
							"key": "author",
							"value": "authorXyz"
						}
					]
				}
			},
			"response": []
		},
		{
			"name": "Create Book",
			"event": [
				{
					"listen": "test",
					"script": {
						"exec": [
							"pm.test(\"Create Book endpoint response code is 200\", function () {",
							"    pm.response.to.have.status(200);",
							"});"
						],
						"type": "text/javascript"
					}
				}
			],
			"request": {
				"method": "POST",
				"header": [],
				"url": {
					"raw": "{{url}}/Books?book=book1",
					"host": [
						"{{url}}"
					],
					"path": [
						"Books"
					],
					"query": [
						{
							"key": "book",
							"value": "book1"
						}
					]
				}
			},
			"response": []
		},
		{
			"name": "Create CoverPhoto",
			"event": [
				{
					"listen": "test",
					"script": {
						"exec": [
							"pm.test(\"Create CoverPhoto endpoint response code is 200\", function () {",
							"    pm.response.to.have.status(200);",
							"});"
						],
						"type": "text/javascript"
					}
				}
			],
			"request": {
				"method": "POST",
				"header": [],
				"url": {
					"raw": "{{url}}/CoverPhotos?coverPhoto=coverPhoto.jpeg",
					"host": [
						"{{url}}"
					],
					"path": [
						"CoverPhotos"
					],
					"query": [
						{
							"key": "coverPhoto",
							"value": "coverPhoto.jpeg"
						}
					]
				}
			},
			"response": []
		},
		{
			"name": "Create User",
			"event": [
				{
					"listen": "test",
					"script": {
						"exec": [
							"pm.test(\"Create CoverPhoto endpoint response code is 200\", function () {",
							"    pm.response.to.have.status(200);",
							"});"
						],
						"type": "text/javascript"
					}
				}
			],
			"request": {
				"method": "POST",
				"header": [],
				"url": {
					"raw": "{{url}}/Users?user=user111",
					"host": [
						"{{url}}"
					],
					"path": [
						"Users"
					],
					"query": [
						{
							"key": "user",
							"value": "user111"
						}
					]
				}
			},
			"response": []
		},
		{
			"name": "Get Activity",
			"event": [
				{
					"listen": "test",
					"script": {
						"exec": [
							"pm.test(\"Get Activity endpoint response code is 200\", function () {",
							"    pm.response.to.have.status(200);",
							"});"
						],
						"type": "text/javascript"
					}
				}
			],
			"request": {
				"method": "GET",
				"header": [],
				"url": {
					"raw": "{{url}}/Activities/1",
					"host": [
						"{{url}}"
					],
					"path": [
						"Activities",
						"1"
					]
				}
			},
			"response": []
		},
		{
			"name": "Get Author",
			"event": [
				{
					"listen": "test",
					"script": {
						"exec": [
							"pm.test(\"Get Author endpoint response code is 200\", function () {",
							"    pm.response.to.have.status(200);",
							"});"
						],
						"type": "text/javascript"
					}
				}
			],
			"request": {
				"method": "GET",
				"header": [],
				"url": {
					"raw": "{{url}}/Authors/1",
					"host": [
						"{{url}}"
					],
					"path": [
						"Authors",
						"1"
					]
				}
			},
			"response": []
		},
		{
			"name": "Get Book",
			"event": [
				{
					"listen": "test",
					"script": {
						"exec": [
							"pm.test(\"Get Book endpoint response code is 200\", function () {",
							"    pm.response.to.have.status(200);",
							"});"
						],
						"type": "text/javascript"
					}
				}
			],
			"request": {
				"method": "GET",
				"header": [],
				"url": {
					"raw": "{{url}}/Books/1",
					"host": [
						"{{url}}"
					],
					"path": [
						"Books",
						"1"
					]
				}
			},
			"response": []
		},
		{
			"name": "Get CoverPhoto",
			"event": [
				{
					"listen": "test",
					"script": {
						"exec": [
							"pm.test(\"Get CoverPhoto endpoint response code is 200\", function () {",
							"    pm.response.to.have.status(200);",
							"});"
						],
						"type": "text/javascript"
					}
				}
			],
			"request": {
				"method": "GET",
				"header": [],
				"url": {
					"raw": "{{url}}/CoverPhotos/1",
					"host": [
						"{{url}}"
					],
					"path": [
						"CoverPhotos",
						"1"
					]
				}
			},
			"response": []
		},
		{
			"name": "Get User",
			"event": [
				{
					"listen": "test",
					"script": {
						"exec": [
							"pm.test(\"Get User endpoint response code is 200\", function () {",
							"    pm.response.to.have.status(200);",
							"});"
						],
						"type": "text/javascript"
					}
				}
			],
			"request": {
				"method": "GET",
				"header": [],
				"url": {
					"raw": "{{url}}/Users/1",
					"host": [
						"{{url}}"
					],
					"path": [
						"Users",
						"1"
					]
				}
			},
			"response": []
		},
		{
			"name": "Update Activity",
			"event": [
				{
					"listen": "test",
					"script": {
						"exec": [
							"pm.test(\"Update Activity endpoint response code is 200\", function () {",
							"    pm.response.to.have.status(200);",
							"});"
						],
						"type": "text/javascript"
					}
				}
			],
			"request": {
				"method": "PUT",
				"header": [],
				"url": {
					"raw": "{{url}}/Activities/1?activity=updatedActivity",
					"host": [
						"{{url}}"
					],
					"path": [
						"Activities",
						"1"
					],
					"query": [
						{
							"key": "activity",
							"value": "updatedActivity"
						}
					]
				}
			},
			"response": []
		},
		{
			"name": "Update Author",
			"event": [
				{
					"listen": "test",
					"script": {
						"exec": [
							"pm.test(\"Update Author endpoint response code is 200\", function () {",
							"    pm.response.to.have.status(200);",
							"});"
						],
						"type": "text/javascript"
					}
				}
			],
			"request": {
				"method": "PUT",
				"header": [],
				"url": {
					"raw": "{{url}}/Authors?author=authorKLM&id=1",
					"host": [
						"{{url}}"
					],
					"path": [
						"Authors"
					],
					"query": [
						{
							"key": "author",
							"value": "authorKLM"
						},
						{
							"key": "id",
							"value": "1"
						}
					]
				}
			},
			"response": []
		},
		{
			"name": "Update Book",
			"event": [
				{
					"listen": "test",
					"script": {
						"exec": [
							"pm.test(\"Update Book endpoint response code is 200\", function () {",
							"    pm.response.to.have.status(200);",
							"});"
						],
						"type": "text/javascript"
					}
				}
			],
			"request": {
				"method": "PUT",
				"header": [],
				"url": {
					"raw": "{{url}}/Books?book=book123&id=1",
					"host": [
						"{{url}}"
					],
					"path": [
						"Books"
					],
					"query": [
						{
							"key": "book",
							"value": "book123"
						},
						{
							"key": "id",
							"value": "1"
						}
					]
				}
			},
			"response": []
		},
		{
			"name": "Update CoverPhoto",
			"event": [
				{
					"listen": "test",
					"script": {
						"exec": [
							"pm.test(\"Update CoverPhoto endpoint response code is 200\", function () {",
							"    pm.response.to.have.status(200);",
							"});"
						],
						"type": "text/javascript"
					}
				}
			],
			"request": {
				"method": "PUT",
				"header": [],
				"url": {
					"raw": "{{url}}/CoverPhotos?coverPhoto=coverPhoto.png&id=1",
					"host": [
						"{{url}}"
					],
					"path": [
						"CoverPhotos"
					],
					"query": [
						{
							"key": "coverPhoto",
							"value": "coverPhoto.png"
						},
						{
							"key": "id",
							"value": "1"
						}
					]
				}
			},
			"response": []
		},
		{
			"name": "Update User",
			"event": [
				{
					"listen": "test",
					"script": {
						"exec": [
							"pm.test(\"Update User endpoint response code is 200\", function () {",
							"    pm.response.to.have.status(200);",
							"});"
						],
						"type": "text/javascript"
					}
				}
			],
			"request": {
				"method": "PUT",
				"header": [],
				"url": {
					"raw": "{{url}}/Users?user=updatedUser&id=1",
					"host": [
						"{{url}}"
					],
					"path": [
						"Users"
					],
					"query": [
						{
							"key": "user",
							"value": "updatedUser"
						},
						{
							"key": "id",
							"value": "1"
						}
					]
				}
			},
			"response": []
		},
		{
			"name": "Delete Activity",
			"event": [
				{
					"listen": "test",
					"script": {
						"exec": [
							"pm.test(\"Delete Activity endpoint response code is 200\", function () {",
							"    pm.response.to.have.status(200);",
							"});"
						],
						"type": "text/javascript"
					}
				}
			],
			"request": {
				"method": "DELETE",
				"header": [],
				"url": {
					"raw": "{{url}}/Activities/1",
					"host": [
						"{{url}}"
					],
					"path": [
						"Activities",
						"1"
					]
				}
			},
			"response": []
		},
		{
			"name": "Delete Author",
			"event": [
				{
					"listen": "test",
					"script": {
						"exec": [
							"pm.test(\"Delete Author endpoint response code is 200\", function () {",
							"    pm.response.to.have.status(200);",
							"});"
						],
						"type": "text/javascript"
					}
				}
			],
			"request": {
				"method": "DELETE",
				"header": [],
				"url": {
					"raw": "{{url}}/Authors/1",
					"host": [
						"{{url}}"
					],
					"path": [
						"Authors",
						"1"
					]
				}
			},
			"response": []
		},
		{
			"name": "Delete Book",
			"event": [
				{
					"listen": "test",
					"script": {
						"exec": [
							"pm.test(\"Delete Book endpoint response code is 200\", function () {",
							"    pm.response.to.have.status(200);",
							"});"
						],
						"type": "text/javascript"
					}
				}
			],
			"request": {
				"method": "DELETE",
				"header": [],
				"url": {
					"raw": "{{url}}/Books/1",
					"host": [
						"{{url}}"
					],
					"path": [
						"Books",
						"1"
					]
				}
			},
			"response": []
		},
		{
			"name": "Delete CoverPhoto",
			"event": [
				{
					"listen": "test",
					"script": {
						"exec": [
							"pm.test(\"Delete CoverPhoto endpoint response code is 200\", function () {",
							"    pm.response.to.have.status(200);",
							"});"
						],
						"type": "text/javascript"
					}
				}
			],
			"request": {
				"method": "DELETE",
				"header": [],
				"url": {
					"raw": "{{url}}/CoverPhotos/1",
					"host": [
						"{{url}}"
					],
					"path": [
						"CoverPhotos",
						"1"
					]
				}
			},
			"response": []
		},
		{
			"name": "Delete User",
			"event": [
				{
					"listen": "test",
					"script": {
						"exec": [
							"pm.test(\"Delete User endpoint response code is 200\", function () {",
							"    pm.response.to.have.status(200);",
							"});"
						],
						"type": "text/javascript"
					}
				}
			],
			"request": {
				"method": "DELETE",
				"header": [],
				"url": {
					"raw": "{{url}}/Users/1",
					"host": [
						"{{url}}"
					],
					"path": [
						"Users",
						"1"
					]
				}
			},
			"response": []
		}
	]
}