ID,IDBook,Url
1,1,"https://cafebiz.cafebizcdn.vn/zoom/700_438/162123310254002176/2022/10/11/avatar1665470221268-16654702214401372601961.jpg"
2,2,"https://d28hgpri8am2if.cloudfront.net/book_images/onix/cvr9781974707775/dragon-ball-super-vol-7-9781974707775_hr.jpg"
3,3,"https://cdn.britannica.com/82/152982-050-11159CF4/Daniel-Radcliffe-Rupert-Grint-Emma-Watson-Harry.jpg"
4,4,"https://pic0.iqiyipic.com/image/20211206/f2/2e/a_100421840_m_601_en_m1_1013_638.jpg"
5,5,"https://assets.nintendo.com/image/upload/c_fill,w_1200/q_auto:best/f_auto/dpr_2.0/ncom/en_US/games/switch/d/dragon-quest-iii-the-seeds-of-salvation-switch/hero"
6,6,"https://m.media-amazon.com/images/M/MV5BN2IzYzBiOTQtNGZmMi00NDI5LTgxMzMtN2EzZjA1NjhlOGMxXkEyXkFqcGdeQXVyNjAwNDUxODI@._V1_FMjpg_UX1000_.jpg"
7,7,"https://static.hbo.com/content/dam/hbodata/series/game-of-thrones/video-stills/season-01/game-of-thrones-season-1-episode-1-full-stitched-607175_PRO35_10-1920.jpg"
8,8,"https://anybooks.vn/uploads/images/lao-hac.jpeg"
9,9,"https://truyenplus.vn/media/book/so-do.jpg"
10,10,"https://o.rada.vn/data/image/2020/11/02/hai-dua-tre.jpg"